{"stats":{"minecraft:picked_up":{"minecraft:spruce_log":1,"minecraft:wheat_seeds":1},"minecraft:mined":{"minecraft:large_fern":1,"minecraft:ice":1,"minecraft:spruce_log":1,"minecraft:fern":1},"minecraft:custom":{"minecraft:jump":79,"minecraft:time_since_rest":2652,"minecraft:leave_game":1,"minecraft:damage_dealt":4,"minecraft:walk_on_water_one_cm":401,"minecraft:sprint_one_cm":11572,"minecraft:play_time":2652,"minecraft:time_since_death":2652,"minecraft:walk_one_cm":8048,"minecraft:sneak_time":15,"minecraft:total_world_time":2652,"minecraft:walk_under_water_one_cm":156,"minecraft:swim_one_cm":6833,"minecraft:fall_one_cm":209,"minecraft:fly_one_cm":31917}},"DataVersion":3465}